PACKAGE_KEY,MOST_IDLE,MAX_WAIT,IDLE_COUNT,APPLICATION,LONGEST_WAIT,TIMEOUTS,LAST_ACCESS,MOST_ACTIVE,MAX_ACTIVE,MAX_IDLE,ACTIVE_COUNT,TOTAL_REQUEST_COUNT
1:SHARED,0,1,0,,0,0,2019-04-20T16:52:51.342,2,2,2,2,800
1:SHARED,2,1,0,,0,39,2019-04-20T16:53:01.360,2,2,2,2,800
1:SHARED,2,1,0,,0,72,2019-04-20T16:53:10.349,2,2,2,2,800
1:SHARED,2,1,0,,0,76,2019-04-20T16:53:21.875,2,2,2,2,800
1:SHARED,2,1,0,,0,114,2019-04-20T16:53:31.888,2,2,2,2,800
1:SHARED,2,1,0,,0,150,2019-04-20T16:53:41.899,2,2,2,2,800
1:SHARED,2,1,0,,0,186,2019-04-20T16:53:51.910,2,2,2,2,800
1:SHARED,2,1,0,,0,224,2019-04-20T16:54:01.920,2,2,2,2,800
1:SHARED,2,1,0,,0,260,2019-04-20T16:54:11.927,2,2,2,2,800
1:SHARED,2,1,0,,0,296,2019-04-20T16:54:21.935,2,2,2,2,800
1:SHARED,2,1,0,,0,334,2019-04-20T16:54:31.943,2,2,2,2,800
1:SHARED,2,1,0,,0,370,2019-04-20T16:54:41.949,2,2,2,2,800
1:SHARED,2,1,0,,0,406,2019-04-20T16:54:51.956,2,2,2,2,800
1:SHARED,2,1,0,,0,444,2019-04-20T16:55:01.963,2,2,2,2,800
1:SHARED,2,1,0,,0,480,2019-04-20T16:55:11.971,2,2,2,2,800
1:SHARED,2,1,0,,0,516,2019-04-20T16:55:21.978,2,2,2,2,800
1:SHARED,2,1,0,,0,554,2019-04-20T16:55:31.985,2,2,2,2,800
1:SHARED,2,1,0,,0,590,2019-04-20T16:55:41.992,2,2,2,2,800
1:SHARED,2,1,0,,0,626,2019-04-20T16:55:51.999,2,2,2,2,800
1:SHARED,2,1,0,,0,664,2019-04-20T16:56:02.005,2,2,2,2,800
1:SHARED,2,1,0,,0,700,2019-04-20T16:56:12.012,2,2,2,2,800
1:SHARED,2,1,0,,0,736,2019-04-20T16:56:22.019,2,2,2,2,800
1:SHARED,2,1,0,,0,774,2019-04-20T16:56:32.026,2,2,2,2,800
1:SHARED,2,1,0,,0,804,2019-04-20T16:56:39.768,2,2,2,2,800
1:SHARED,2,1,2,,0,804,2019-04-20T16:56:39.768,2,2,2,0,800
1:SHARED,2,1,2,,0,804,2019-04-20T16:56:39.768,2,2,2,0,800
1:SHARED,0,2,0,,0,0,2019-04-20T16:58:57.071,3,3,3,3,800
1:SHARED,0,2,0,,1,6,2019-04-20T16:59:03.048,3,3,3,3,800
1:SHARED,0,2,0,,1,12,2019-04-20T16:59:09.049,3,3,3,3,800
1:SHARED,0,2,0,,1,18,2019-04-20T16:59:15.050,3,3,3,3,800
1:SHARED,1,2,0,,1,25,2019-04-20T16:59:21.054,3,3,3,3,800
1:SHARED,1,2,0,,1,31,2019-04-20T16:59:27.054,3,3,3,3,800
1:SHARED,1,2,0,,1,37,2019-04-20T16:59:33.055,3,3,3,3,800
1:SHARED,1,2,0,,1,43,2019-04-20T16:59:39.056,3,3,3,3,800
1:SHARED,1,2,0,,1,49,2019-04-20T16:59:45.057,3,3,3,3,800
1:SHARED,1,2,0,,2,55,2019-04-20T16:59:51.058,3,3,3,3,800
1:SHARED,1,2,0,,2,61,2019-04-20T16:59:57.059,3,3,3,3,800
1:SHARED,1,2,0,,2,67,2019-04-20T17:00:03.060,3,3,3,3,800
1:SHARED,1,2,0,,2,73,2019-04-20T17:00:09.061,3,3,3,3,800
1:SHARED,1,2,0,,2,79,2019-04-20T17:00:15.062,3,3,3,3,800
1:SHARED,1,2,0,,2,85,2019-04-20T17:00:21.063,3,3,3,3,800
1:SHARED,1,2,0,,2,91,2019-04-20T17:00:27.063,3,3,3,3,800
1:SHARED,1,2,0,,2,97,2019-04-20T17:00:33.065,3,3,3,3,800
1:SHARED,1,2,0,,2,103,2019-04-20T17:00:39.066,3,3,3,3,800
1:SHARED,1,2,0,,2,109,2019-04-20T17:00:45.067,3,3,3,3,800
1:SHARED,1,2,0,,2,115,2019-04-20T17:00:51.067,3,3,3,3,800
1:SHARED,1,2,0,,2,121,2019-04-20T17:00:57.069,3,3,3,3,800
1:SHARED,1,2,0,,2,127,2019-04-20T17:01:03.069,3,3,3,3,800
1:SHARED,1,2,0,,2,133,2019-04-20T17:01:09.070,3,3,3,3,800
1:SHARED,1,2,0,,2,139,2019-04-20T17:01:15.071,3,3,3,3,800
1:SHARED,1,2,0,,2,145,2019-04-20T17:01:21.072,3,3,3,3,800
1:SHARED,1,2,0,,2,151,2019-04-20T17:01:27.073,3,3,3,3,800
1:SHARED,1,2,0,,2,157,2019-04-20T17:01:33.074,3,3,3,3,800
1:SHARED,1,2,0,,2,163,2019-04-20T17:01:39.075,3,3,3,3,800
1:SHARED,1,2,0,,2,170,2019-04-20T17:01:45.076,3,3,3,3,800
1:SHARED,1,2,0,,2,176,2019-04-20T17:01:51.077,3,3,3,3,800
1:SHARED,1,2,0,,2,182,2019-04-20T17:01:57.078,3,3,3,3,800
1:SHARED,1,2,0,,2,188,2019-04-20T17:02:03.079,3,3,3,3,800
1:SHARED,1,2,0,,2,194,2019-04-20T17:02:09.080,3,3,3,3,800
1:SHARED,1,2,0,,2,201,2019-04-20T17:02:15.081,3,3,3,3,800
1:SHARED,1,2,0,,2,207,2019-04-20T17:02:21.082,3,3,3,3,800
1:SHARED,1,2,0,,2,213,2019-04-20T17:02:27.083,3,3,3,3,800
1:SHARED,1,2,0,,2,220,2019-04-20T17:02:33.084,3,3,3,3,800
1:SHARED,1,2,0,,2,226,2019-04-20T17:02:39.085,3,3,3,3,800
1:SHARED,1,2,0,,2,232,2019-04-20T17:02:45.086,3,3,3,3,800
1:SHARED,1,2,0,,2,239,2019-04-20T17:02:51.087,3,3,3,3,800
1:SHARED,1,2,0,,2,246,2019-04-20T17:02:57.088,3,3,3,3,800
1:SHARED,1,2,0,,2,252,2019-04-20T17:03:03.089,3,3,3,3,800
1:SHARED,1,2,0,,2,258,2019-04-20T17:03:09.090,3,3,3,3,800
1:SHARED,1,2,0,,2,264,2019-04-20T17:03:15.091,3,3,3,3,800
1:SHARED,1,2,0,,2,271,2019-04-20T17:03:21.088,3,3,3,3,800
1:SHARED,1,2,0,,2,278,2019-04-20T17:03:27.093,3,3,3,3,800
1:SHARED,1,2,0,,2,285,2019-04-20T17:03:33.090,3,3,3,3,800
1:SHARED,1,2,0,,2,292,2019-04-20T17:03:39.088,3,3,3,3,800
1:SHARED,1,2,0,,2,299,2019-04-20T17:03:45.089,3,3,3,3,800
1:SHARED,1,2,0,,2,305,2019-04-20T17:03:51.090,3,3,3,3,800
1:SHARED,1,2,0,,2,311,2019-04-20T17:03:55.099,3,3,3,3,800
1:SHARED,1,2,0,,2,317,2019-04-20T17:04:01.099,3,3,3,3,800
1:SHARED,1,2,0,,2,323,2019-04-20T17:04:07.100,3,3,3,3,800
1:SHARED,1,2,0,,2,329,2019-04-20T17:04:13.101,3,3,3,3,800
1:SHARED,1,2,0,,2,335,2019-04-20T17:04:19.102,3,3,3,3,800
1:SHARED,1,2,0,,2,341,2019-04-20T17:04:25.104,3,3,3,3,800
1:SHARED,1,2,0,,2,348,2019-04-20T17:04:31.104,3,3,3,3,800
1:SHARED,1,2,0,,2,354,2019-04-20T17:04:37.105,3,3,3,3,800
1:SHARED,1,2,0,,2,360,2019-04-20T17:04:43.106,3,3,3,3,800
1:SHARED,1,2,0,,2,367,2019-04-20T17:04:49.106,3,3,3,3,800
1:SHARED,1,2,0,,2,374,2019-04-20T17:04:55.108,3,3,3,3,800
1:SHARED,1,2,0,,2,380,2019-04-20T17:05:01.110,3,3,3,3,800
1:SHARED,1,2,0,,2,386,2019-04-20T17:05:07.111,3,3,3,3,800
1:SHARED,1,2,0,,2,392,2019-04-20T17:05:13.112,3,3,3,3,800
1:SHARED,1,2,0,,2,399,2019-04-20T17:05:19.112,3,3,3,3,800
1:SHARED,1,2,0,,2,405,2019-04-20T17:05:25.113,3,3,3,3,800
1:SHARED,1,2,0,,2,411,2019-04-20T17:05:31.114,3,3,3,3,800
1:SHARED,1,2,0,,2,417,2019-04-20T17:05:37.114,3,3,3,3,800
1:SHARED,1,2,0,,2,423,2019-04-20T17:05:43.114,3,3,3,3,800
1:SHARED,1,2,0,,2,430,2019-04-20T17:05:49.117,3,3,3,3,800
1:SHARED,1,2,0,,2,437,2019-04-20T17:05:55.120,3,3,3,3,800
1:SHARED,1,2,0,,2,443,2019-04-20T17:06:01.119,3,3,3,3,800
1:SHARED,1,2,0,,2,450,2019-04-20T17:06:07.119,3,3,3,3,800
1:SHARED,1,2,0,,2,456,2019-04-20T17:06:13.120,3,3,3,3,800
1:SHARED,1,2,0,,2,463,2019-04-20T17:06:19.122,3,3,3,3,800
1:SHARED,1,2,0,,2,470,2019-04-20T17:06:25.122,3,3,3,3,800
1:SHARED,1,2,0,,2,476,2019-04-20T17:06:31.122,3,3,3,3,800
1:SHARED,1,2,0,,2,483,2019-04-20T17:06:37.124,3,3,3,3,800
1:SHARED,1,2,0,,2,489,2019-04-20T17:06:43.126,3,3,3,3,800
1:SHARED,1,2,0,,2,495,2019-04-20T17:06:49.125,3,3,3,3,800
1:SHARED,1,2,0,,2,502,2019-04-20T17:06:55.127,3,3,3,3,800
1:SHARED,1,2,0,,2,508,2019-04-20T17:07:01.127,3,3,3,3,800
1:SHARED,1,2,0,,2,515,2019-04-20T17:07:07.128,3,3,3,3,800
1:SHARED,1,2,0,,2,521,2019-04-20T17:07:13.129,3,3,3,3,800
1:SHARED,1,2,0,,2,528,2019-04-20T17:07:19.129,3,3,3,3,800
1:SHARED,1,2,0,,2,535,2019-04-20T17:07:25.131,3,3,3,3,800
1:SHARED,1,2,0,,2,541,2019-04-20T17:07:31.122,3,3,3,3,800
1:SHARED,1,2,2,,2,541,2019-04-20T17:07:31.122,3,3,3,1,800
1:SHARED,1,2,3,,2,541,2019-04-20T17:07:31.122,3,3,3,0,800
1:SHARED,1,2,3,,2,541,2019-04-20T17:07:31.122,3,3,3,0,800
1:SHARED,1,2,3,,2,541,2019-04-20T17:07:31.122,3,3,3,0,800
1:SHARED,1,2,3,,2,541,2019-04-20T17:07:31.122,3,3,3,0,800
1:SHARED,1,2,3,,2,541,2019-04-20T17:07:31.122,3,3,3,0,800
1:SHARED,1,2,3,,2,541,2019-04-20T17:07:31.122,3,3,3,0,800
1:SHARED,1,2,3,,2,541,2019-04-20T17:07:31.122,3,3,3,0,800
1:SHARED,1,2,3,,2,541,2019-04-20T17:07:31.122,3,3,3,0,800
1:SHARED,1,2,3,,2,541,2019-04-20T17:07:31.122,3,3,3,0,800
,,,,,,,,,,,,
1:SHARED,1,2,3,,2,541,2019-04-20T17:07:31.122,3,3,3,0,800
1:SHARED,1,2,3,,2,541,2019-04-20T17:07:31.122,3,3,3,0,800
1:SHARED,1,2,3,,2,541,2019-04-20T17:07:31.122,3,3,3,0,800
1:SHARED,1,2,3,,2,541,2019-04-20T17:07:31.122,3,3,3,0,800
1:SHARED,1,2,3,,2,541,2019-04-20T17:07:31.122,3,3,3,0,800
1:SHARED,1,2,3,,2,541,2019-04-20T17:07:31.122,3,3,3,0,800
1:SHARED,0,3,0,,0,0,2019-04-20T17:09:55.294,3,3,3,3,800
1:SHARED,0,3,0,,3,3,2019-04-20T17:10:01.274,3,3,3,3,800
1:SHARED,0,3,0,,3,6,2019-04-20T17:10:07.275,3,3,3,3,800
1:SHARED,0,3,0,,3,9,2019-04-20T17:10:13.276,3,3,3,3,800
1:SHARED,0,3,0,,3,12,2019-04-20T17:10:19.277,3,3,3,3,800
1:SHARED,0,3,0,,3,15,2019-04-20T17:10:25.278,3,3,3,3,800
1:SHARED,0,3,0,,3,18,2019-04-20T17:10:31.279,3,3,3,3,800
1:SHARED,0,3,0,,3,21,2019-04-20T17:10:37.280,3,3,3,3,800
1:SHARED,2,3,0,,3,26,2019-04-20T17:10:43.282,3,3,3,3,800
1:SHARED,2,3,0,,3,29,2019-04-20T17:10:49.282,3,3,3,3,800
1:SHARED,2,3,0,,3,32,2019-04-20T17:10:55.283,3,3,3,3,800
1:SHARED,2,3,0,,3,35,2019-04-20T17:11:01.285,3,3,3,3,800
1:SHARED,2,3,0,,3,38,2019-04-20T17:11:07.288,3,3,3,3,800
1:SHARED,2,3,0,,3,41,2019-04-20T17:11:13.288,3,3,3,3,800
1:SHARED,2,3,0,,3,44,2019-04-20T17:11:19.289,3,3,3,3,800
1:SHARED,2,3,0,,3,47,2019-04-20T17:11:25.290,3,3,3,3,800
1:SHARED,2,3,0,,3,50,2019-04-20T17:11:31.291,3,3,3,3,800
1:SHARED,2,3,0,,3,53,2019-04-20T17:11:37.292,3,3,3,3,800
1:SHARED,2,3,0,,3,58,2019-04-20T17:11:43.293,3,3,3,3,800
1:SHARED,2,3,0,,3,61,2019-04-20T17:11:49.293,3,3,3,3,800
1:SHARED,2,3,0,,3,64,2019-04-20T17:11:55.295,3,3,3,3,800
1:SHARED,2,3,0,,3,67,2019-04-20T17:12:01.295,3,3,3,3,800
1:SHARED,2,3,0,,3,70,2019-04-20T17:12:07.296,3,3,3,3,800
1:SHARED,2,3,0,,3,73,2019-04-20T17:12:13.297,3,3,3,3,800
1:SHARED,2,3,0,,3,76,2019-04-20T17:12:19.298,3,3,3,3,800
1:SHARED,2,3,0,,3,79,2019-04-20T17:12:25.299,3,3,3,3,800
1:SHARED,2,3,0,,3,82,2019-04-20T17:12:31.300,3,3,3,3,800
1:SHARED,2,3,0,,3,85,2019-04-20T17:12:37.301,3,3,3,3,800
1:SHARED,2,3,0,,3,88,2019-04-20T17:12:43.301,3,3,3,3,800
1:SHARED,2,3,0,,3,91,2019-04-20T17:12:49.302,3,3,3,3,800
1:SHARED,2,3,0,,3,95,2019-04-20T17:12:55.305,3,3,3,3,800
1:SHARED,2,3,0,,3,98,2019-04-20T17:13:01.306,3,3,3,3,800
1:SHARED,2,3,0,,3,101,2019-04-20T17:13:07.306,3,3,3,3,800
1:SHARED,2,3,0,,3,104,2019-04-20T17:13:13.540,3,3,3,3,800
1:SHARED,2,3,0,,3,107,2019-04-20T17:13:19.540,3,3,3,3,800
1:SHARED,2,3,0,,3,110,2019-04-20T17:13:25.541,3,3,3,3,800
1:SHARED,2,3,0,,3,115,2019-04-20T17:13:31.543,3,3,3,3,800
1:SHARED,2,3,0,,3,119,2019-04-20T17:13:37.544,3,3,3,3,800
1:SHARED,2,3,0,,3,122,2019-04-20T17:13:43.543,3,3,3,3,800
1:SHARED,2,3,0,,3,125,2019-04-20T17:13:49.545,3,3,3,3,800
1:SHARED,2,3,0,,3,129,2019-04-20T17:13:55.546,3,3,3,3,800
1:SHARED,2,3,0,,3,132,2019-04-20T17:14:01.547,3,3,3,3,800
1:SHARED,2,3,0,,3,135,2019-04-20T17:14:07.547,3,3,3,3,800
1:SHARED,2,3,0,,3,138,2019-04-20T17:14:13.549,3,3,3,3,800
1:SHARED,2,3,0,,3,141,2019-04-20T17:14:19.550,3,3,3,3,800
1:SHARED,2,3,0,,3,145,2019-04-20T17:14:25.550,3,3,3,3,800
1:SHARED,2,3,0,,3,148,2019-04-20T17:14:31.552,3,3,3,3,800
1:SHARED,2,3,0,,3,151,2019-04-20T17:14:37.553,3,3,3,3,800
1:SHARED,2,3,0,,3,154,2019-04-20T17:14:43.553,3,3,3,3,800
1:SHARED,2,3,0,,3,157,2019-04-20T17:14:49.554,3,3,3,3,800
1:SHARED,2,3,0,,3,160,2019-04-20T17:14:55.555,3,3,3,3,800
1:SHARED,2,3,0,,3,163,2019-04-20T17:15:01.556,3,3,3,3,800
1:SHARED,2,3,0,,3,166,2019-04-20T17:15:07.557,3,3,3,3,800
1:SHARED,2,3,0,,3,169,2019-04-20T17:15:13.557,3,3,3,3,800
1:SHARED,2,3,0,,3,172,2019-04-20T17:15:19.558,3,3,3,3,800
1:SHARED,2,3,0,,3,175,2019-04-20T17:15:25.559,3,3,3,3,800
1:SHARED,2,3,0,,3,178,2019-04-20T17:15:31.560,3,3,3,3,800
1:SHARED,2,3,0,,3,181,2019-04-20T17:15:37.561,3,3,3,3,800
1:SHARED,2,3,0,,3,184,2019-04-20T17:15:43.562,3,3,3,3,800
1:SHARED,2,3,0,,3,187,2019-04-20T17:15:49.562,3,3,3,3,800
1:SHARED,2,3,0,,3,191,2019-04-20T17:15:55.563,3,3,3,3,800
1:SHARED,2,3,0,,3,194,2019-04-20T17:16:01.563,3,3,3,3,800
1:SHARED,2,3,0,,3,197,2019-04-20T17:16:07.564,3,3,3,3,800
1:SHARED,2,3,0,,3,200,2019-04-20T17:16:13.565,3,3,3,3,800
1:SHARED,2,3,0,,3,203,2019-04-20T17:16:19.566,3,3,3,3,800
1:SHARED,2,3,0,,3,206,2019-04-20T17:16:25.567,3,3,3,3,800
1:SHARED,2,3,0,,3,209,2019-04-20T17:16:31.568,3,3,3,3,800
1:SHARED,2,3,0,,3,212,2019-04-20T17:16:37.568,3,3,3,3,800
1:SHARED,2,3,0,,3,215,2019-04-20T17:16:43.570,3,3,3,3,800
1:SHARED,2,3,0,,3,218,2019-04-20T17:16:49.571,3,3,3,3,800
1:SHARED,2,3,0,,3,221,2019-04-20T17:16:55.571,3,3,3,3,800
1:SHARED,2,3,0,,3,224,2019-04-20T17:17:01.572,3,3,3,3,800
1:SHARED,2,3,0,,3,228,2019-04-20T17:17:07.573,3,3,3,3,800
1:SHARED,2,3,0,,3,231,2019-04-20T17:17:13.573,3,3,3,3,800
1:SHARED,2,3,0,,3,234,2019-04-20T17:17:19.574,3,3,3,3,800
1:SHARED,2,3,0,,3,237,2019-04-20T17:17:25.574,3,3,3,3,800
1:SHARED,2,3,0,,3,240,2019-04-20T17:17:31.575,3,3,3,3,800
1:SHARED,2,3,0,,3,243,2019-04-20T17:17:37.576,3,3,3,3,800
1:SHARED,2,3,0,,3,246,2019-04-20T17:17:43.576,3,3,3,3,800
1:SHARED,2,3,0,,3,249,2019-04-20T17:17:49.578,3,3,3,3,800
1:SHARED,2,3,0,,3,252,2019-04-20T17:17:55.579,3,3,3,3,800
1:SHARED,2,3,0,,3,255,2019-04-20T17:18:01.580,3,3,3,3,800
1:SHARED,2,3,0,,3,258,2019-04-20T17:18:07.581,3,3,3,3,800
1:SHARED,2,3,0,,3,261,2019-04-20T17:18:13.582,3,3,3,3,800
1:SHARED,2,3,0,,3,264,2019-04-20T17:18:19.583,3,3,3,3,800
1:SHARED,2,3,0,,3,268,2019-04-20T17:18:25.584,3,3,3,3,800
1:SHARED,2,3,0,,3,273,2019-04-20T17:18:31.586,3,3,3,3,800
1:SHARED,2,3,0,,3,276,2019-04-20T17:18:37.586,3,3,3,3,800
1:SHARED,2,3,0,,3,279,2019-04-20T17:18:43.587,3,3,3,3,800
1:SHARED,2,3,0,,3,282,2019-04-20T17:18:49.588,3,3,3,3,800
1:SHARED,2,3,0,,3,285,2019-04-20T17:18:55.589,3,3,3,3,800
1:SHARED,2,3,0,,3,288,2019-04-20T17:19:01.590,3,3,3,3,800
1:SHARED,2,3,0,,3,291,2019-04-20T17:19:07.591,3,3,3,3,800
1:SHARED,2,3,0,,3,294,2019-04-20T17:19:13.592,3,3,3,3,800
1:SHARED,2,3,0,,3,297,2019-04-20T17:19:19.593,3,3,3,3,800
1:SHARED,2,3,0,,3,300,2019-04-20T17:19:25.594,3,3,3,3,800
1:SHARED,2,3,0,,3,303,2019-04-20T17:19:31.595,3,3,3,3,800
1:SHARED,2,3,0,,3,306,2019-04-20T17:19:37.596,3,3,3,3,800
1:SHARED,2,3,0,,3,310,2019-04-20T17:19:43.597,3,3,3,3,800
1:SHARED,2,3,0,,3,313,2019-04-20T17:19:49.598,3,3,3,3,800
1:SHARED,2,3,0,,3,317,2019-04-20T17:19:55.599,3,3,3,3,800
1:SHARED,2,3,0,,3,321,2019-04-20T17:20:01.600,3,3,3,3,800
1:SHARED,2,3,0,,3,324,2019-04-20T17:20:07.601,3,3,3,3,800
1:SHARED,2,3,0,,3,327,2019-04-20T17:20:13.601,3,3,3,3,800
1:SHARED,2,3,0,,3,330,2019-04-20T17:20:19.602,3,3,3,3,800
1:SHARED,2,3,0,,3,333,2019-04-20T17:20:25.603,3,3,3,3,800
1:SHARED,2,3,0,,3,336,2019-04-20T17:20:31.604,3,3,3,3,800
1:SHARED,2,3,0,,3,339,2019-04-20T17:20:37.605,3,3,3,3,800
1:SHARED,2,3,0,,3,342,2019-04-20T17:20:43.606,3,3,3,3,800
1:SHARED,2,3,0,,3,345,2019-04-20T17:20:49.607,3,3,3,3,800
1:SHARED,2,3,0,,3,348,2019-04-20T17:20:55.608,3,3,3,3,800
1:SHARED,2,3,0,,3,351,2019-04-20T17:21:01.609,3,3,3,3,800
1:SHARED,2,3,0,,3,354,2019-04-20T17:21:07.610,3,3,3,3,800
1:SHARED,2,3,0,,3,357,2019-04-20T17:21:13.611,3,3,3,3,800
1:SHARED,2,3,0,,3,361,2019-04-20T17:21:19.612,3,3,3,3,800
1:SHARED,2,3,0,,3,364,2019-04-20T17:21:25.613,3,3,3,3,800
1:SHARED,2,3,0,,3,368,2019-04-20T17:21:31.614,3,3,3,3,800
1:SHARED,2,3,0,,3,372,2019-04-20T17:21:37.615,3,3,3,3,800
1:SHARED,2,3,0,,3,376,2019-04-20T17:21:43.616,3,3,3,3,800
1:SHARED,2,3,0,,3,380,2019-04-20T17:21:49.617,3,3,3,3,800
1:SHARED,2,3,0,,3,385,2019-04-20T17:21:55.618,3,3,3,3,800
1:SHARED,2,3,0,,3,388,2019-04-20T17:22:01.619,3,3,3,3,800
1:SHARED,2,3,0,,3,391,2019-04-20T17:22:07.619,3,3,3,3,800
1:SHARED,2,3,0,,3,394,2019-04-20T17:22:13.620,3,3,3,3,800
1:SHARED,2,3,0,,3,397,2019-04-20T17:22:19.621,3,3,3,3,800
1:SHARED,2,3,0,,3,400,2019-04-20T17:22:25.622,3,3,3,3,800
1:SHARED,2,3,0,,3,403,2019-04-20T17:22:31.622,3,3,3,3,800
1:SHARED,2,3,0,,3,406,2019-04-20T17:22:37.623,3,3,3,3,800
1:SHARED,2,3,0,,3,409,2019-04-20T17:22:43.624,3,3,3,3,800
1:SHARED,2,3,2,,3,412,2019-04-20T17:22:46.388,3,3,3,1,800
1:SHARED,2,3,3,,3,412,2019-04-20T17:22:46.388,3,3,3,0,800
1:SHARED,0,3,0,,0,0,,0,3,3,0,100
1:SHARED,0,3,0,,0,0,,0,3,3,0,100
1:SHARED,0,3,0,,0,0,,0,3,3,0,100
1:SHARED,0,3,0,,0,0,,0,3,3,0,100
1:SHARED,0,3,0,,0,3,2019-04-20T17:27:55.643,3,3,3,3,100
1:SHARED,0,3,0,,3,6,2019-04-20T17:28:01.631,3,3,3,3,100
1:SHARED,2,3,0,,3,10,2019-04-20T17:28:07.635,3,3,3,3,100
1:SHARED,2,3,0,,3,13,2019-04-20T17:28:13.631,3,3,3,3,100
1:SHARED,2,3,0,,3,16,2019-04-20T17:28:19.634,3,3,3,3,100
1:SHARED,2,3,0,,3,19,2019-04-20T17:28:25.636,3,3,3,3,100
1:SHARED,2,3,0,,3,23,2019-04-20T17:28:31.638,3,3,3,3,100
1:SHARED,2,3,0,,3,26,2019-04-20T17:28:37.636,3,3,3,3,100
1:SHARED,2,3,0,,3,29,2019-04-20T17:28:43.636,3,3,3,3,100
1:SHARED,2,3,0,,3,33,2019-04-20T17:28:49.638,3,3,3,3,100
1:SHARED,2,3,0,,3,36,2019-04-20T17:28:55.637,3,3,3,3,100
1:SHARED,2,3,0,,3,39,2019-04-20T17:29:01.638,3,3,3,3,100
1:SHARED,2,3,0,,3,43,2019-04-20T17:29:07.640,3,3,3,3,100
1:SHARED,2,3,0,,3,46,2019-04-20T17:29:13.639,3,3,3,3,100
1:SHARED,2,3,0,,3,50,2019-04-20T17:29:19.642,3,3,3,3,100
1:SHARED,2,3,0,,3,52,2019-04-20T17:29:22.640,3,3,3,3,100
1:SHARED,2,3,3,,3,52,2019-04-20T17:29:22.640,3,3,3,0,100
1:SHARED,0,3,0,,0,0,2019-04-20T17:29:54.728,3,3,3,3,150
1:SHARED,1,3,0,,2,4,2019-04-20T17:30:00.696,3,3,3,3,150
1:SHARED,1,3,0,,2,8,2019-04-20T17:30:06.697,3,3,3,3,150
1:SHARED,1,3,0,,3,11,2019-04-20T17:30:12.700,3,3,3,3,150
1:SHARED,1,3,0,,3,14,2019-04-20T17:30:18.699,3,3,3,3,150
1:SHARED,1,3,0,,3,17,2019-04-20T17:30:24.701,3,3,3,3,150
1:SHARED,2,3,0,,3,22,2019-04-20T17:30:30.703,3,3,3,3,150
1:SHARED,2,3,0,,3,26,2019-04-20T17:30:36.705,3,3,3,3,150
1:SHARED,2,3,0,,3,29,2019-04-20T17:30:42.702,3,3,3,3,150
1:SHARED,2,3,0,,3,32,2019-04-20T17:30:48.703,3,3,3,3,150
1:SHARED,2,3,0,,3,35,2019-04-20T17:30:54.704,3,3,3,3,150
1:SHARED,2,3,0,,3,38,2019-04-20T17:31:00.705,3,3,3,3,150
1:SHARED,2,3,0,,3,41,2019-04-20T17:31:06.707,3,3,3,3,150
1:SHARED,2,3,0,,3,44,2019-04-20T17:31:12.706,3,3,3,3,150
1:SHARED,2,3,0,,3,47,2019-04-20T17:31:18.707,3,3,3,3,150
1:SHARED,2,3,0,,3,50,2019-04-20T17:31:24.709,3,3,3,3,150
1:SHARED,2,3,0,,3,54,2019-04-20T17:31:30.712,3,3,3,3,150
1:SHARED,2,3,0,,3,57,2019-04-20T17:31:36.710,3,3,3,3,150
1:SHARED,2,3,0,,3,60,2019-04-20T17:31:42.711,3,3,3,3,150
1:SHARED,2,3,0,,3,63,2019-04-20T17:31:48.712,3,3,3,3,150
1:SHARED,2,3,0,,3,67,2019-04-20T17:31:54.717,3,3,3,3,150
1:SHARED,2,3,0,,3,70,2019-04-20T17:32:00.714,3,3,3,3,150
1:SHARED,2,3,0,,3,73,2019-04-20T17:32:06.714,3,3,3,3,150
1:SHARED,2,3,0,,3,76,2019-04-20T17:32:12.715,3,3,3,3,150
1:SHARED,2,3,3,,3,78,2019-04-20T17:32:12.715,3,3,3,0,150
1:SHARED,2,3,3,,3,78,2019-04-20T17:32:12.715,3,3,3,0,150
1:SHARED,2,3,3,,3,78,2019-04-20T17:32:12.715,3,3,3,0,150
1:SHARED,0,3,0,,0,3,2019-04-20T17:32:59.875,3,3,3,3,50
1:SHARED,0,3,0,,2,6,2019-04-20T17:33:05.816,3,3,3,3,50
1:SHARED,0,3,0,,2,9,2019-04-20T17:33:11.818,3,3,3,3,50
1:SHARED,0,3,0,,2,12,2019-04-20T17:33:17.817,3,3,3,3,50
1:SHARED,1,3,0,,3,16,2019-04-20T17:33:23.819,3,3,3,3,50
1:SHARED,1,3,0,,3,19,2019-04-20T17:33:29.819,3,3,3,3,50
1:SHARED,1,3,0,,3,22,2019-04-20T17:33:35.820,3,3,3,3,50
1:SHARED,1,3,0,,3,25,2019-04-20T17:33:41.818,3,3,3,3,50
1:SHARED,1,3,2,,3,25,2019-04-20T17:33:41.818,3,3,3,1,50
1:SHARED,1,3,3,,3,25,2019-04-20T17:33:41.818,3,3,3,0,50
1:SHARED,0,3,0,,0,0,2019-04-20T17:34:12.643,3,3,3,3,10
1:SHARED,0,3,0,,3,3,2019-04-20T17:34:18.602,3,3,3,3,10
1:SHARED,0,3,0,,0,3,2019-04-20T17:34:45.487,3,3,3,3,20
1:SHARED,0,3,0,,3,6,2019-04-20T17:34:51.428,3,3,3,3,20
1:SHARED,0,3,0,,3,9,2019-04-20T17:34:57.424,3,3,3,3,20
1:SHARED,0,3,1,,3,9,2019-04-20T17:34:57.424,3,3,3,2,20
1:SHARED,0,3,0,,0,3,2019-04-20T17:35:33.729,3,3,3,3,200
1:SHARED,0,3,0,,3,7,2019-04-20T17:35:39.732,3,3,3,3,200
1:SHARED,0,3,0,,3,10,2019-04-20T17:35:45.691,3,3,3,3,200
1:SHARED,0,3,0,,3,13,2019-04-20T17:35:51.691,3,3,3,3,200
1:SHARED,0,3,0,,3,16,2019-04-20T17:35:57.694,3,3,3,3,200
1:SHARED,0,3,0,,3,19,2019-04-20T17:36:03.693,3,3,3,3,200
1:SHARED,1,3,0,,3,24,2019-04-20T17:36:09.696,3,3,3,3,200
1:SHARED,1,3,0,,3,28,2019-04-20T17:36:15.698,3,3,3,3,200
1:SHARED,1,3,0,,3,33,2019-04-20T17:36:21.700,3,3,3,3,200
1:SHARED,1,3,0,,3,36,2019-04-20T17:36:27.698,3,3,3,3,200
1:SHARED,1,3,0,,3,39,2019-04-20T17:36:33.699,3,3,3,3,200
1:SHARED,1,3,0,,3,42,2019-04-20T17:36:39.700,3,3,3,3,200
1:SHARED,1,3,0,,3,45,2019-04-20T17:36:45.701,3,3,3,3,200
1:SHARED,1,3,0,,3,48,2019-04-20T17:36:51.702,3,3,3,3,200
1:SHARED,1,3,0,,3,52,2019-04-20T17:36:57.703,3,3,3,3,200
1:SHARED,1,3,0,,3,55,2019-04-20T17:37:03.704,3,3,3,3,200
1:SHARED,1,3,0,,3,58,2019-04-20T17:37:09.704,3,3,3,3,200
1:SHARED,1,3,0,,3,61,2019-04-20T17:37:15.706,3,3,3,3,200
1:SHARED,1,3,0,,3,64,2019-04-20T17:37:21.706,3,3,3,3,200
1:SHARED,1,3,0,,3,67,2019-04-20T17:37:27.707,3,3,3,3,200
1:SHARED,1,3,0,,3,70,2019-04-20T17:37:33.708,3,3,3,3,200
1:SHARED,1,3,0,,3,73,2019-04-20T17:37:39.709,3,3,3,3,200
1:SHARED,1,3,0,,3,77,2019-04-20T17:37:45.710,3,3,3,3,200
1:SHARED,1,3,0,,3,80,2019-04-20T17:37:51.711,3,3,3,3,200
1:SHARED,1,3,0,,3,83,2019-04-20T17:37:57.712,3,3,3,3,200
1:SHARED,1,3,0,,3,86,2019-04-20T17:38:03.713,3,3,3,3,200
1:SHARED,1,3,0,,3,89,2019-04-20T17:38:09.714,3,3,3,3,200
1:SHARED,1,3,0,,3,92,2019-04-20T17:38:15.715,3,3,3,3,200
1:SHARED,1,3,0,,3,95,2019-04-20T17:38:21.716,3,3,3,3,200
1:SHARED,1,3,0,,3,98,2019-04-20T17:38:27.717,3,3,3,3,200
1:SHARED,1,3,0,,3,101,2019-04-20T17:38:33.718,3,3,3,3,200
1:SHARED,1,3,0,,3,104,2019-04-20T17:38:36.718,3,3,3,3,200
,,,,,,,,,,,,
1:SHARED,0,2,0,,0,1,2019-04-20T17:40:48.034,5,5,5,5,10
1:SHARED,3,2,2,,1,2,2019-04-20T17:40:51.992,5,5,5,3,10
1:SHARED,3,2,5,,1,2,2019-04-20T17:40:51.992,5,5,5,0,10
1:SHARED,0,2,0,,0,1,2019-04-20T17:41:22.034,5,5,5,5,20
1:SHARED,4,2,0,,1,3,2019-04-20T17:41:27.991,5,5,5,5,20
1:SHARED,4,2,0,,1,5,2019-04-20T17:41:31.992,5,5,5,5,20
1:SHARED,4,2,5,,1,5,2019-04-20T17:41:31.992,5,5,5,0,20
1:SHARED,0,2,0,,0,2,2019-04-20T17:42:00.706,5,5,5,5,50
1:SHARED,3,2,0,,1,4,2019-04-20T17:42:06.668,5,5,5,5,50
1:SHARED,3,2,0,,1,6,2019-04-20T17:42:12.669,5,5,5,5,50
1:SHARED,3,2,0,,1,8,2019-04-20T17:42:18.670,5,5,5,5,50
1:SHARED,3,2,0,,1,10,2019-04-20T17:42:24.669,5,5,5,5,50
1:SHARED,3,2,0,,1,12,2019-04-20T17:42:30.672,5,5,5,5,50
1:SHARED,3,2,0,,1,14,2019-04-20T17:42:36.674,5,5,5,5,50
1:SHARED,3,2,4,,1,14,2019-04-20T17:42:36.674,5,5,5,1,50
1:SHARED,0,2,0,,0,0,2019-04-20T17:43:41.555,5,5,5,5,150
1:SHARED,3,2,0,,1,2,2019-04-20T17:43:47.531,5,5,5,5,150
1:SHARED,3,2,0,,1,4,2019-04-20T17:43:53.533,5,5,5,5,150
1:SHARED,3,2,0,,1,6,2019-04-20T17:43:59.534,5,5,5,5,150
1:SHARED,3,2,0,,1,8,2019-04-20T17:44:05.534,5,5,5,5,150
1:SHARED,3,2,0,,1,10,2019-04-20T17:44:11.535,5,5,5,5,150
1:SHARED,3,2,0,,1,12,2019-04-20T17:44:17.536,5,5,5,5,150
1:SHARED,3,2,0,,1,14,2019-04-20T17:44:23.537,5,5,5,5,150
1:SHARED,3,2,0,,1,16,2019-04-20T17:44:29.539,5,5,5,5,150
1:SHARED,3,2,0,,1,18,2019-04-20T17:44:35.540,5,5,5,5,150
1:SHARED,3,2,0,,1,20,2019-04-20T17:44:41.541,5,5,5,5,150
1:SHARED,3,2,0,,1,22,2019-04-20T17:44:47.542,5,5,5,5,150
1:SHARED,3,2,0,,1,24,2019-04-20T17:44:53.543,5,5,5,5,150
1:SHARED,3,2,0,,1,26,2019-04-20T17:44:59.544,5,5,5,5,150
1:SHARED,3,2,0,,1,28,2019-04-20T17:45:05.545,5,5,5,5,150
1:SHARED,3,2,0,,1,30,2019-04-20T17:45:11.546,5,5,5,5,150
1:SHARED,3,2,0,,1,32,2019-04-20T17:45:17.546,5,5,5,5,150
1:SHARED,3,2,0,,1,34,2019-04-20T17:45:23.547,5,5,5,5,150
1:SHARED,3,2,0,,1,36,2019-04-20T17:45:29.548,5,5,5,5,150
1:SHARED,3,2,0,,1,38,2019-04-20T17:45:35.549,5,5,5,5,150
1:SHARED,3,2,0,,1,40,2019-04-20T17:45:41.550,5,5,5,5,150
1:SHARED,3,2,2,,1,42,2019-04-20T17:45:47.548,5,5,5,3,150
1:SHARED,3,2,5,,1,42,2019-04-20T17:45:47.548,5,5,5,0,150
1:SHARED,0,2,0,,0,0,2019-04-20T17:46:11.892,5,5,5,5,200
1:SHARED,3,2,0,,1,2,2019-04-20T17:46:17.855,5,5,5,5,200
1:SHARED,3,2,0,,1,4,2019-04-20T17:46:23.855,5,5,5,5,200
1:SHARED,3,2,0,,1,6,2019-04-20T17:46:29.856,5,5,5,5,200
1:SHARED,3,2,0,,1,8,2019-04-20T17:46:35.857,5,5,5,5,200
1:SHARED,3,2,0,,1,10,2019-04-20T17:46:41.858,5,5,5,5,200
1:SHARED,3,2,0,,1,12,2019-04-20T17:46:47.859,5,5,5,5,200
1:SHARED,3,2,0,,1,14,2019-04-20T17:46:53.860,5,5,5,5,200
1:SHARED,3,2,0,,1,16,2019-04-20T17:46:59.861,5,5,5,5,200
1:SHARED,3,2,0,,1,18,2019-04-20T17:47:05.862,5,5,5,5,200
1:SHARED,3,2,0,,1,20,2019-04-20T17:47:11.863,5,5,5,5,200
1:SHARED,3,2,0,,1,22,2019-04-20T17:47:17.863,5,5,5,5,200
1:SHARED,3,2,0,,1,24,2019-04-20T17:47:23.864,5,5,5,5,200
1:SHARED,3,2,0,,1,26,2019-04-20T17:47:29.865,5,5,5,5,200
1:SHARED,3,2,0,,1,28,2019-04-20T17:47:35.866,5,5,5,5,200
1:SHARED,3,2,0,,1,30,2019-04-20T17:47:41.867,5,5,5,5,200
1:SHARED,3,2,0,,1,32,2019-04-20T17:47:47.868,5,5,5,5,200
1:SHARED,3,2,0,,1,34,2019-04-20T17:47:53.869,5,5,5,5,200
1:SHARED,3,2,0,,1,36,2019-04-20T17:47:59.870,5,5,5,5,200
1:SHARED,3,2,0,,1,38,2019-04-20T17:48:05.871,5,5,5,5,200
1:SHARED,3,2,0,,1,40,2019-04-20T17:48:11.872,5,5,5,5,200
1:SHARED,3,2,0,,1,42,2019-04-20T17:48:17.873,5,5,5,5,200
1:SHARED,3,2,0,,1,44,2019-04-20T17:48:23.873,5,5,5,5,200
1:SHARED,3,2,0,,1,46,2019-04-20T17:48:29.874,5,5,5,5,200
1:SHARED,3,2,0,,1,48,2019-04-20T17:48:35.875,5,5,5,5,200
1:SHARED,3,2,0,,1,50,2019-04-20T17:48:41.876,5,5,5,5,200
1:SHARED,3,2,0,,1,52,2019-04-20T17:48:47.877,5,5,5,5,200
1:SHARED,3,2,0,,1,54,2019-04-20T17:48:53.878,5,5,5,5,200
1:SHARED,3,2,1,,1,56,2019-04-20T17:48:59.857,5,5,5,4,200
1:SHARED,3,2,5,,1,56,2019-04-20T17:48:59.857,5,5,5,0,200
1:SHARED,0,2,0,,0,1,2019-04-20T17:49:32.377,5,5,5,5,300
1:SHARED,2,2,0,,1,3,2019-04-20T17:49:38.345,5,5,5,5,300
1:SHARED,3,2,0,,1,5,2019-04-20T17:49:44.345,5,5,5,5,300
1:SHARED,3,2,0,,1,7,2019-04-20T17:49:50.346,5,5,5,5,300
1:SHARED,3,2,0,,1,9,2019-04-20T17:49:56.347,5,5,5,5,300
1:SHARED,3,2,0,,1,11,2019-04-20T17:50:02.348,5,5,5,5,300
1:SHARED,3,2,0,,1,13,2019-04-20T17:50:08.349,5,5,5,5,300
1:SHARED,3,2,0,,1,15,2019-04-20T17:50:14.350,5,5,5,5,300
1:SHARED,3,2,0,,1,17,2019-04-20T17:50:20.351,5,5,5,5,300
1:SHARED,3,2,0,,1,19,2019-04-20T17:50:26.352,5,5,5,5,300
1:SHARED,3,2,0,,1,21,2019-04-20T17:50:32.352,5,5,5,5,300
1:SHARED,3,2,0,,1,23,2019-04-20T17:50:38.352,5,5,5,5,300
1:SHARED,3,2,0,,1,25,2019-04-20T17:50:44.353,5,5,5,5,300
1:SHARED,3,2,0,,1,27,2019-04-20T17:50:50.354,5,5,5,5,300
1:SHARED,3,2,0,,1,29,2019-04-20T17:50:56.354,5,5,5,5,300
1:SHARED,3,2,0,,1,31,2019-04-20T17:51:02.355,5,5,5,5,300
1:SHARED,3,2,0,,1,33,2019-04-20T17:51:08.357,5,5,5,5,300
1:SHARED,3,2,0,,1,35,2019-04-20T17:51:14.358,5,5,5,5,300
1:SHARED,3,2,0,,1,37,2019-04-20T17:51:20.359,5,5,5,5,300
1:SHARED,3,2,0,,1,39,2019-04-20T17:51:26.360,5,5,5,5,300
1:SHARED,3,2,0,,1,41,2019-04-20T17:51:32.361,5,5,5,5,300
1:SHARED,3,2,0,,1,43,2019-04-20T17:51:38.362,5,5,5,5,300
1:SHARED,3,2,0,,1,45,2019-04-20T17:51:44.362,5,5,5,5,300
1:SHARED,3,2,0,,1,47,2019-04-20T17:51:50.364,5,5,5,5,300
1:SHARED,3,2,0,,1,49,2019-04-20T17:51:56.365,5,5,5,5,300
1:SHARED,3,2,0,,1,51,2019-04-20T17:52:02.366,5,5,5,5,300
1:SHARED,3,2,0,,1,53,2019-04-20T17:52:08.366,5,5,5,5,300
1:SHARED,3,2,0,,1,55,2019-04-20T17:52:14.363,5,5,5,5,300
1:SHARED,3,2,0,,1,57,2019-04-20T17:52:20.369,5,5,5,5,300
1:SHARED,3,2,0,,1,59,2019-04-20T17:52:26.369,5,5,5,5,300
1:SHARED,3,2,0,,1,61,2019-04-20T17:52:32.370,5,5,5,5,300
1:SHARED,3,2,0,,1,63,2019-04-20T17:52:38.371,5,5,5,5,300
1:SHARED,3,2,0,,1,65,2019-04-20T17:52:44.373,5,5,5,5,300
1:SHARED,3,2,0,,1,67,2019-04-20T17:52:50.373,5,5,5,5,300
1:SHARED,3,2,0,,1,69,2019-04-20T17:52:56.374,5,5,5,5,300
1:SHARED,3,2,0,,1,71,2019-04-20T17:53:02.375,5,5,5,5,300
1:SHARED,3,2,0,,1,73,2019-04-20T17:53:08.376,5,5,5,5,300
1:SHARED,3,2,0,,1,75,2019-04-20T17:53:14.373,5,5,5,5,300
1:SHARED,3,2,0,,1,77,2019-04-20T17:53:20.380,5,5,5,5,300
1:SHARED,3,2,0,,1,79,2019-04-20T17:53:26.378,5,5,5,5,300
1:SHARED,3,2,0,,1,81,2019-04-20T17:53:32.379,5,5,5,5,300
1:SHARED,3,2,0,,1,83,2019-04-20T17:53:38.379,5,5,5,5,300
1:SHARED,3,2,0,,1,85,2019-04-20T17:53:42.379,5,5,5,5,300
1:SHARED,3,2,5,,1,85,2019-04-20T17:53:42.379,5,5,5,0,300
1:SHARED,0,2,0,,0,0,2019-04-20T17:54:35.237,6,7,7,6,300
1:SHARED,4,2,0,,0,0,2019-04-20T17:54:41.239,6,7,7,6,300
1:SHARED,4,2,0,,0,0,2019-04-20T17:54:47.240,6,7,7,6,300
1:SHARED,4,2,0,,0,0,2019-04-20T17:54:53.241,6,7,7,6,300
1:SHARED,4,2,0,,0,0,2019-04-20T17:54:59.242,6,7,7,6,300
1:SHARED,4,2,0,,0,0,2019-04-20T17:55:05.243,6,7,7,6,300
1:SHARED,4,2,0,,0,0,2019-04-20T17:55:11.244,6,7,7,6,300
1:SHARED,4,2,0,,0,0,2019-04-20T17:55:17.245,6,7,7,6,300
1:SHARED,4,2,0,,0,0,2019-04-20T17:55:23.246,6,7,7,6,300
1:SHARED,4,2,0,,0,0,2019-04-20T17:55:29.247,6,7,7,6,300
1:SHARED,4,2,0,,0,0,2019-04-20T17:55:35.249,6,7,7,6,300
1:SHARED,4,2,0,,0,0,2019-04-20T17:55:41.250,6,7,7,6,300
1:SHARED,4,2,0,,0,0,2019-04-20T17:55:47.251,6,7,7,6,300
1:SHARED,4,2,0,,0,0,2019-04-20T17:55:53.252,6,7,7,6,300
1:SHARED,4,2,0,,0,0,2019-04-20T17:55:59.253,6,7,7,6,300
1:SHARED,4,2,0,,0,0,2019-04-20T17:56:05.254,6,7,7,6,300
1:SHARED,4,2,0,,0,0,2019-04-20T17:56:11.255,6,7,7,6,300
1:SHARED,4,2,0,,0,0,2019-04-20T17:56:17.256,6,7,7,6,300
1:SHARED,4,2,0,,0,0,2019-04-20T17:56:23.257,6,7,7,6,300
1:SHARED,4,2,0,,0,0,2019-04-20T17:56:29.258,6,7,7,6,300
1:SHARED,4,2,0,,0,0,2019-04-20T17:56:35.259,6,7,7,6,300
1:SHARED,4,2,0,,0,0,2019-04-20T17:56:41.261,6,7,7,6,300
1:SHARED,4,2,0,,0,0,2019-04-20T17:56:47.263,6,7,7,6,300
1:SHARED,4,2,0,,0,0,2019-04-20T17:56:53.263,6,7,7,6,300
1:SHARED,4,2,0,,0,0,2019-04-20T17:56:59.264,6,7,7,6,300
1:SHARED,4,2,0,,0,0,2019-04-20T17:57:05.265,6,7,7,6,300
1:SHARED,4,2,0,,0,0,2019-04-20T17:57:11.267,6,7,7,6,300
1:SHARED,4,2,0,,0,0,2019-04-20T17:57:17.267,6,7,7,6,300
1:SHARED,4,2,0,,0,0,2019-04-20T17:57:23.269,6,7,7,6,300
1:SHARED,4,2,0,,0,0,2019-04-20T17:57:29.270,6,7,7,6,300
1:SHARED,4,2,0,,0,0,2019-04-20T17:57:35.271,6,7,7,6,300
1:SHARED,4,2,0,,0,0,2019-04-20T17:57:41.272,6,7,7,6,300
1:SHARED,4,2,0,,0,0,2019-04-20T17:57:47.272,6,7,7,6,300
1:SHARED,4,2,0,,0,0,2019-04-20T17:57:53.274,6,7,7,6,300
1:SHARED,4,2,0,,0,0,2019-04-20T17:57:59.275,6,7,7,6,300
1:SHARED,4,2,0,,0,0,2019-04-20T17:58:05.276,6,7,7,6,300
1:SHARED,4,2,0,,0,0,2019-04-20T17:58:11.277,6,7,7,6,300
1:SHARED,4,2,0,,0,0,2019-04-20T17:58:17.278,6,7,7,6,300
1:SHARED,4,2,0,,0,0,2019-04-20T17:58:23.279,6,7,7,6,300
1:SHARED,4,2,0,,0,0,2019-04-20T17:58:29.280,6,7,7,6,300
1:SHARED,4,2,0,,0,0,2019-04-20T17:58:35.281,6,7,7,6,300
1:SHARED,4,2,0,,0,0,2019-04-20T17:58:41.282,6,7,7,6,300
1:SHARED,4,2,0,,0,0,2019-04-20T17:58:47.283,6,7,7,6,300
1:SHARED,4,2,0,,0,0,2019-04-20T17:58:53.284,6,7,7,6,300
1:SHARED,4,2,0,,0,0,2019-04-20T17:58:59.285,6,7,7,6,300
1:SHARED,4,2,0,,0,0,2019-04-20T17:59:05.285,6,7,7,6,300
1:SHARED,4,2,0,,0,0,2019-04-20T17:59:11.286,6,7,7,6,300
1:SHARED,4,2,0,,0,0,2019-04-20T17:59:17.287,6,7,7,6,300
1:SHARED,4,2,0,,0,0,2019-04-20T17:59:23.288,6,7,7,6,300
1:SHARED,4,2,0,,0,0,2019-04-20T17:59:29.289,6,7,7,6,300
1:SHARED,4,2,6,,0,0,2019-04-20T17:59:29.289,6,7,7,0,300
1:SHARED,0,2,0,,0,0,2019-04-20T18:00:23.104,6,7,7,6,200
1:SHARED,4,2,0,,0,0,2019-04-20T18:00:29.107,6,7,7,6,200
1:SHARED,4,2,0,,0,0,2019-04-20T18:00:35.109,6,7,7,6,200
1:SHARED,4,2,0,,0,0,2019-04-20T18:00:41.111,6,7,7,6,200
1:SHARED,4,2,0,,0,0,2019-04-20T18:00:47.112,6,7,7,6,200
1:SHARED,4,2,0,,0,0,2019-04-20T18:00:53.113,6,7,7,6,200
1:SHARED,4,2,0,,0,0,2019-04-20T18:00:59.115,6,7,7,6,200
1:SHARED,4,2,0,,0,0,2019-04-20T18:01:05.117,6,7,7,6,200
1:SHARED,4,2,0,,0,0,2019-04-20T18:01:11.117,6,7,7,6,200
1:SHARED,4,2,0,,0,0,2019-04-20T18:01:17.118,6,7,7,6,200
1:SHARED,4,2,0,,0,0,2019-04-20T18:01:23.120,6,7,7,6,200
1:SHARED,4,2,0,,0,0,2019-04-20T18:01:29.121,6,7,7,6,200
1:SHARED,4,2,0,,0,0,2019-04-20T18:01:35.122,6,7,7,6,200
1:SHARED,4,2,0,,0,0,2019-04-20T18:01:41.123,6,7,7,6,200
1:SHARED,4,2,0,,0,0,2019-04-20T18:01:47.123,6,7,7,6,200
1:SHARED,4,2,0,,0,0,2019-04-20T18:01:53.124,6,7,7,6,200
1:SHARED,4,2,0,,0,0,2019-04-20T18:01:59.125,6,7,7,6,200
1:SHARED,4,2,0,,0,0,2019-04-20T18:02:05.126,6,7,7,6,200
1:SHARED,4,2,0,,0,0,2019-04-20T18:02:11.127,6,7,7,6,200
1:SHARED,4,2,0,,0,0,2019-04-20T18:02:17.129,6,7,7,6,200
1:SHARED,4,2,0,,0,0,2019-04-20T18:02:23.131,6,7,7,6,200
1:SHARED,4,2,0,,0,0,2019-04-20T18:02:29.131,6,7,7,6,200
1:SHARED,4,2,0,,0,0,2019-04-20T18:02:35.132,6,7,7,6,200
1:SHARED,4,2,0,,0,0,2019-04-20T18:02:41.133,6,7,7,6,200
1:SHARED,4,2,0,,0,0,2019-04-20T18:02:47.135,6,7,7,6,200
1:SHARED,4,2,0,,0,0,2019-04-20T18:02:53.137,6,7,7,6,200
1:SHARED,4,2,0,,0,0,2019-04-20T18:02:59.140,6,7,7,6,200
1:SHARED,4,2,0,,0,0,2019-04-20T18:03:05.141,6,7,7,6,200
1:SHARED,4,2,0,,0,0,2019-04-20T18:03:11.142,6,7,7,6,200
1:SHARED,4,2,0,,0,0,2019-04-20T18:03:17.143,6,7,7,6,200
1:SHARED,4,2,0,,0,0,2019-04-20T18:03:23.145,6,7,7,6,200
1:SHARED,4,2,0,,0,0,2019-04-20T18:03:29.145,6,7,7,6,200
1:SHARED,4,2,0,,0,0,2019-04-20T18:03:35.146,6,7,7,6,200
1:SHARED,4,2,4,,0,0,2019-04-20T18:03:41.078,6,7,7,2,200
1:SHARED,4,2,6,,0,0,2019-04-20T18:03:41.078,6,7,7,0,200
1:SHARED,0,2,0,,0,0,2019-04-20T18:04:07.026,6,7,7,6,150
1:SHARED,2,2,0,,0,0,2019-04-20T18:04:13.027,6,7,7,6,150
1:SHARED,2,2,0,,0,0,2019-04-20T18:04:19.029,6,7,7,6,150
1:SHARED,3,2,0,,0,0,2019-04-20T18:04:25.029,6,7,7,6,150
1:SHARED,3,2,0,,0,0,2019-04-20T18:04:31.031,6,7,7,6,150
1:SHARED,3,2,0,,0,0,2019-04-20T18:04:37.031,6,7,7,6,150
1:SHARED,3,2,0,,0,0,2019-04-20T18:04:43.032,6,7,7,6,150
1:SHARED,3,2,0,,0,0,2019-04-20T18:04:49.033,6,7,7,6,150
1:SHARED,3,2,0,,0,0,2019-04-20T18:04:55.034,6,7,7,6,150
1:SHARED,3,2,0,,0,0,2019-04-20T18:05:01.035,6,7,7,6,150
1:SHARED,3,2,0,,0,0,2019-04-20T18:05:07.036,6,7,7,6,150
1:SHARED,3,2,0,,0,0,2019-04-20T18:05:13.037,6,7,7,6,150
1:SHARED,3,2,0,,0,0,2019-04-20T18:05:19.038,6,7,7,6,150
1:SHARED,3,2,0,,0,0,2019-04-20T18:05:25.039,6,7,7,6,150
1:SHARED,3,2,0,,0,0,2019-04-20T18:05:31.041,6,7,7,6,150
1:SHARED,3,2,0,,0,0,2019-04-20T18:05:37.043,6,7,7,6,150
1:SHARED,3,2,0,,0,0,2019-04-20T18:05:43.043,6,7,7,6,150
1:SHARED,3,2,0,,0,0,2019-04-20T18:05:49.044,6,7,7,6,150
1:SHARED,3,2,0,,0,0,2019-04-20T18:05:55.045,6,7,7,6,150
1:SHARED,3,2,0,,0,0,2019-04-20T18:06:01.046,6,7,7,6,150
1:SHARED,3,2,0,,0,0,2019-04-20T18:06:07.047,6,7,7,6,150
1:SHARED,3,2,0,,0,0,2019-04-20T18:06:13.048,6,7,7,6,150
1:SHARED,3,2,0,,0,0,2019-04-20T18:06:19.049,6,7,7,6,150
1:SHARED,3,2,0,,0,0,2019-04-20T18:06:25.050,6,7,7,6,150
1:SHARED,3,2,0,,0,0,2019-04-20T18:06:31.051,6,7,7,6,150
1:SHARED,3,2,6,,0,0,2019-04-20T18:06:31.051,6,7,7,0,150
1:SHARED,0,2,0,,0,0,2019-04-20T18:07:04.247,6,7,7,6,100
1:SHARED,4,2,0,,0,0,2019-04-20T18:07:10.249,6,7,7,6,100
1:SHARED,4,2,0,,0,0,2019-04-20T18:07:16.251,6,7,7,6,100
1:SHARED,4,2,0,,0,0,2019-04-20T18:07:22.252,6,7,7,6,100
1:SHARED,4,2,0,,0,0,2019-04-20T18:07:28.253,6,7,7,6,100
1:SHARED,4,2,0,,0,0,2019-04-20T18:07:34.255,6,7,7,6,100
1:SHARED,4,2,0,,0,0,2019-04-20T18:07:40.257,6,7,7,6,100
1:SHARED,4,2,0,,0,0,2019-04-20T18:07:46.258,6,7,7,6,100
1:SHARED,4,2,0,,0,0,2019-04-20T18:07:52.259,6,7,7,6,100
1:SHARED,4,2,0,,0,0,2019-04-20T18:07:58.260,6,7,7,6,100
1:SHARED,4,2,0,,0,0,2019-04-20T18:08:04.262,6,7,7,6,100
1:SHARED,4,2,0,,0,0,2019-04-20T18:08:10.263,6,7,7,6,100
1:SHARED,4,2,0,,0,0,2019-04-20T18:08:16.263,6,7,7,6,100
1:SHARED,4,2,0,,0,0,2019-04-20T18:08:22.264,6,7,7,6,100
1:SHARED,4,2,0,,0,0,2019-04-20T18:08:28.265,6,7,7,6,100
1:SHARED,4,2,0,,0,0,2019-04-20T18:08:34.266,6,7,7,6,100
1:SHARED,4,2,2,,0,0,2019-04-20T18:08:40.217,6,7,7,4,100
1:SHARED,4,2,6,,0,0,2019-04-20T18:08:40.217,6,7,7,0,100
1:SHARED,4,2,6,,0,0,2019-04-20T18:08:40.217,6,7,7,0,100
1:SHARED,0,2,0,,0,0,2019-04-20T18:09:28.145,6,7,7,6,50
1:SHARED,3,2,0,,0,0,2019-04-20T18:09:34.147,6,7,7,6,50
1:SHARED,4,2,0,,0,0,2019-04-20T18:09:40.148,6,7,7,6,50
1:SHARED,4,2,0,,0,0,2019-04-20T18:09:46.150,6,7,7,6,50
1:SHARED,4,2,0,,0,0,2019-04-20T18:09:52.151,6,7,7,6,50
1:SHARED,5,2,0,,0,0,2019-04-20T18:09:58.153,6,7,7,6,50
1:SHARED,5,2,0,,0,0,2019-04-20T18:10:04.155,6,7,7,6,50
1:SHARED,5,2,0,,0,0,2019-04-20T18:10:10.156,6,7,7,6,50
1:SHARED,5,2,4,,0,0,2019-04-20T18:10:16.126,6,7,7,2,50
1:SHARED,5,2,6,,0,0,2019-04-20T18:10:16.126,6,7,7,0,50
1:SHARED,0,2,0,,0,0,2019-04-20T18:10:47.508,6,7,7,6,20
1:SHARED,3,2,0,,0,0,2019-04-20T18:10:53.509,6,7,7,6,20
1:SHARED,4,2,0,,0,0,2019-04-20T18:10:59.510,6,7,7,6,20
1:SHARED,4,2,4,,0,0,2019-04-20T18:11:05.469,6,7,7,2,20
1:SHARED,0,2,0,,0,7,2019-04-20T18:11:51.392,7,7,7,7,20
1:SHARED,0,2,7,,0,13,2019-04-20T18:11:51.392,7,7,7,0,20
1:SHARED,0,2,7,,0,13,2019-04-20T18:11:51.392,7,7,7,0,20
1:SHARED,0,2,7,,0,13,2019-04-20T18:11:51.392,7,7,7,0,20
1:SHARED,0,2,0,,0,0,2019-04-20T18:12:23.766,7,7,7,7,20
1:SHARED,0,2,7,,0,13,2019-04-20T18:12:23.766,7,7,7,0,20
1:SHARED,0,2,0,,0,23,2019-04-20T18:12:52.388,7,7,7,7,20
1:SHARED,4,2,0,,1,63,2019-04-20T18:12:58.392,7,7,7,7,20
1:SHARED,0,2,0,,0,33,2019-04-20T18:13:23.027,7,7,7,7,20
